N,rv,rg,z,time,interaction_type,id_merger,mass_merger,id1,m1,id2,m2,id3,m3,id4,m4,r,typem,type1,type2,type3,type4,b[RSUN],vinf[km/s]
16.0,0.5,2.0,0.02,29.5701985872,disrupt2,2556646,7.27956,2556646,14.9935,2264180,7.27953,0.227348,14,2,14
16.0,0.5,2.0,0.02,2457.51429672,disrupt2,2436327,7.57729,2436327,0.408753,1775423,7.57729,0.240809,14,7,14
16.0,0.5,2.0,0.02,10565.990959199999,disrupt1,2037225,5.83492,2037225,2.00191,1680004,5.83492,0.0425879,14,6,14
16.0,0.5,20.0,0.02,7.935907330559999,disrupt1,1620445,7.25427,1620445,28.4732,1753590,7.25426,0.177694,14,2,14
16.0,0.5,20.0,0.02,8304.56410488,disrupt1,2251245,6.31701,2251245,1.83518,1963872,6.31701,0.0801236,14,6,14
16.0,0.5,20.0,0.02,8345.9220156,disrupt1,2138448,7.77565,2138448,4.34427,1900165,7.77565,0.0852417,14,6,14
16.0,0.5,20.0,0.02,9946.772112,disrupt1,2497460,5.98639,2497460,1.89676,1729506,5.98639,0.0482864,14,6,14
16.0,0.5,20.0,0.02,12646.622892,disrupt2,1792484,9.0078,1792484,3.54527,959758,9.0078,0.0270968,14,6,14
16.0,0.5,20.0,0.02,12783.8044992,disrupt1,2911597,9.05525,2911597,2.1101,1792484,9.05525,0.0443834,14,6,14
16.0,0.5,8.0,0.02,4782.9150108,disrupt1,2903173,6.72439,2903173,1.80175,1742515,6.72439,0.123702,14,6,14
16.0,0.5,8.0,0.02,8422.172346719999,disrupt1,1770482,5.98896,1770482,2.05485,2188964,5.98896,0.14785,14,6,14
16.0,0.5,8.0,0.02,10153.473218399999,disrupt2,2080248,5.98896,2080248,2.02589,1770482,5.98896,0.186838,14,6,14
16.0,0.5,8.0,0.02,11522.724321599999,disrupt2,1832391,6.92743,1832391,2.68532,1732514,6.92743,0.0148589,14,6,14
16.0,0.5,8.0,0.02,12149.3727336,disrupt2,1869278,6.16123,1869278,0.967022,1863772,6.16123,0.0136134,14,9,14
16.0,0.5,8.0,0.02,12624.6879864,disrupt2,1903756,6.16124,1903756,8.90783,1869282,6.16124,0.0400328,14,3,14
16.0,1.0,2.0,0.0002,11.0264667156,disrupt2,1672963,8.4843,1672963,36.1921,226925,8.44958,0.279391,14,4,14
16.0,1.0,2.0,0.0002,11.99420887,disrupt2,1634737,7.61998,1634737,34.7074,728692,7.61966,0.981726,14,4,14
16.0,1.0,2.0,0.0002,13.845762485799998,disrupt2,1641864,8.46012,1641864,29.0225,1556663,8.46007,1.26797,14,4,14
16.0,1.0,2.0,0.002,8.022998736199998,disrupt2,1637881,9.98385,1637881,50.9773,1395896,9.98209,0.306053,14,2,14
16.0,1.0,2.0,0.002,8.266435270799999,disrupt2,1649214,8.2557,1649214,49.2616,270802,8.25409,0.96744,14,2,14
16.0,1.0,2.0,0.002,9.8520624286,disrupt2,1679434,8.29393,1679434,40.5768,248774,8.29392,0.143596,14,2,14
16.0,1.0,2.0,0.002,11.373171775,disrupt2,1615806,7.7894,1615806,34.6249,1529452,7.78938,1.89416,14,2,14
16.0,1.0,2.0,0.002,14.190916516,disrupt2,1648767,7.77687,1648767,26.4465,241647,7.7768,0.186686,14,2,14
16.0,1.0,2.0,0.002,17.7625865312,disrupt2,2408520,7.76458,2408520,27.2409,704512,7.76343,0.355956,14,4,14
16.0,1.0,20.0,0.0002,10.9675025894,disrupt2,1672963,8.30122,1672963,37.4713,226925,8.30121,0.0896784,14,4,14
16.0,1.0,20.0,0.0002,11.3412505934,disrupt2,1654618,7.74072,1654618,36.6483,1244566,7.74071,0.460309,14,4,14
16.0,1.0,20.0,0.0002,11.646978461999998,disrupt2,1643041,6.40171,1643041,34.8283,1484163,6.40161,1.19289,14,4,14
16.0,1.0,20.0,0.0002,11.716899859,disrupt2,1666363,6.15356,1666363,34.6961,429479,6.15356,0.150177,14,4,14
16.0,1.0,20.0,0.0002,11.912604720799997,disrupt2,1634737,7.50776,1634737,34.8394,728692,7.50773,2.05245,14,4,14
16.0,1.0,20.0,0.0002,11.912604720799997,disrupt2,1615806,6.43362,1615806,34.0169,1529452,6.43352,53.1658,14,4,14
16.0,1.0,20.0,0.0002,12.1754791536,disrupt2,1608961,8.03619,1608961,33.7461,1058998,8.03619,0.779015,14,4,14
16.0,1.0,20.0,0.0002,13.5529181662,disrupt2,1632918,8.4168,1632918,29.6266,185177,8.41678,0.139957,14,4,14
16.0,1.0,20.0,0.0002,13.5529181662,disrupt2,1678996,2.29287,1678996,30.6778,581230,2.29286,0.442358,14,4,14
16.0,1.0,20.0,0.0002,13.627392584399999,disrupt2,1635032,8.09147,1635032,29.8377,744761,8.09144,0.196983,14,4,14
16.0,1.0,20.0,0.0002,13.666343430599998,disrupt2,1641864,8.25497,1641864,29.2548,1556663,8.25495,1.72482,14,4,14
16.0,1.0,20.0,0.0002,13.700591155999998,disrupt2,2988371,6.19815,2988371,32.0573,1048472,6.19814,0.158462,14,4,14
16.0,1.0,20.0,0.0002,14.209178633999999,disrupt2,1676082,8.24332,1676082,27.9612,446597,8.24325,0.435154,14,4,14
16.0,1.0,20.0,0.0002,14.5871044102,disrupt2,1679331,5.99941,1679331,26.8163,704512,5.99939,0.376528,14,4,14
16.0,1.0,20.0,0.0002,14.8134796236,disrupt2,1620228,7.98013,1620228,27.1312,1570202,7.98013,0.525476,14,4,14
16.0,1.0,20.0,0.0002,14.965430452,disrupt2,1648767,6.3651,1648767,25.7731,241647,6.36509,0.589669,14,4,14
16.0,1.0,20.0,0.0002,15.059492867999998,disrupt2,1613832,8.33575,1613832,26.3199,350672,8.33574,1.09962,14,4,14
16.0,1.0,20.0,0.0002,15.227929635799999,disrupt2,1621980,7.47097,1621980,26.6346,1366067,7.47095,1.37614,14,4,14
16.0,1.0,20.0,0.0002,17.2454683926,disrupt2,1615845,7.63215,1615845,23.0123,988089,7.63215,0.147333,14,4,14
16.0,1.0,20.0,0.002,9.531899981799999,disrupt2,1672304,8.46397,1672304,42.1502,154589,8.46393,0.0724052,14,2,14
16.0,1.0,20.0,0.002,10.234791391999998,disrupt2,1679354,7.62641,1679354,39.2107,1490974,7.62637,1.76023,14,2,14
16.0,1.0,20.0,0.002,10.253253642799999,disrupt2,1633971,6.05352,1633971,38.4704,55686,6.05352,0.8802,14,2,14
16.0,1.0,20.0,0.002,12.473001577399998,disrupt1,1801858,7.52759,1801858,31.8898,1296951,7.52695,0.580375,14,4,14
16.0,1.0,8.0,0.0002,7.3682892976,disrupt2,1774457,22.3414,1774457,59.566,107024,22.3407,0.233399,14,2,14
16.0,1.0,8.0,0.0002,10.975032586,disrupt2,1672963,8.31281,1672963,37.4573,226925,8.31278,0.545203,14,4,14
16.0,1.0,8.0,0.0002,11.265125079599999,disrupt2,1654618,7.64652,1654618,36.7685,1244566,7.64643,0.672804,14,4,14
16.0,1.0,8.0,0.0002,11.7340112134,disrupt2,1643041,6.53103,1643041,34.6463,1484163,6.53062,1.54651,14,4,14
16.0,1.0,8.0,0.0002,11.786871289199999,disrupt2,1666363,6.21621,1666363,34.595,429479,6.21604,0.181424,14,4,14
16.0,1.0,8.0,0.0002,11.8573430514,disrupt2,1634737,7.39462,1634737,34.9744,728692,7.39458,1.39126,14,4,14
16.0,1.0,8.0,0.0002,11.999562422399999,disrupt2,1667799,2.26203,1667799,34.9192,62404,2.26201,0.533935,14,4,14
16.0,1.0,8.0,0.0002,12.1362781414,disrupt2,1608961,7.95443,1608961,33.8442,1058998,7.9544,0.826394,14,4,14
16.0,1.0,8.0,0.0002,13.447423163999998,disrupt2,1629956,6.06281,1629956,29.8962,1072913,6.06256,1.82796,14,4,14
16.0,1.0,8.0,0.0002,13.510915294799998,disrupt2,1635032,7.96199,1635032,29.9833,744761,7.96197,0.350879,14,4,14
16.0,1.0,8.0,0.0002,13.539584318399998,disrupt2,1632918,8.42009,1632918,29.6226,185177,8.42008,0.138863,14,4,14
16.0,1.0,8.0,0.0002,13.7216051,disrupt2,1641864,8.31365,1641864,29.1904,1556663,8.31364,2.03711,14,4,14
16.0,1.0,8.0,0.0002,14.2412499152,disrupt2,1676082,8.28116,1676082,27.921,446597,8.28115,0.168595,14,4,14
16.0,1.0,8.0,0.0002,14.7172407634,disrupt2,1620228,7.8806,1620228,27.2442,1570202,7.88057,2.75012,14,4,14
16.0,1.0,8.0,0.0002,14.955799061,disrupt2,1613832,8.22631,1613832,26.4456,350672,8.2263,0.919046,14,4,14
16.0,1.0,8.0,0.0002,16.989748707399997,disrupt2,1615845,7.42439,1615845,23.2465,988089,7.42439,0.398674,14,4,14
16.0,1.0,8.0,0.002,6.328749501199999,disrupt2,1653119,14.0154,1653119,70.5511,571077,14.0145,0.257266,14,2,14
16.0,1.0,8.0,0.002,8.020822292,disrupt2,1637881,9.64127,1637881,51.0436,1395896,9.64126,1.1361,14,2,14
16.0,1.0,8.0,0.002,10.1139862306,disrupt2,1620445,7.9635,1620445,39.6075,73589,7.96348,0.164285,14,2,14
16.0,1.0,8.0,0.002,10.842069356999998,disrupt2,1609579,5.99266,1609579,36.1836,682089,5.99263,0.293648,14,2,14
16.0,1.0,8.0,0.002,11.2675516898,disrupt2,1666363,7.47588,1666363,35.3268,429479,7.47586,0.184191,14,2,14
16.0,1.0,8.0,0.002,12.3265794176,disrupt2,1671493,7.46968,1671493,32.1158,1296951,7.46961,1.34876,14,2,14
16.0,1.0,8.0,0.002,12.6405377476,disrupt2,1677947,6.17176,1677947,29.6816,1429413,6.17127,2.87565,14,4,14
16.0,1.0,8.0,0.02,1675.67190784,disrupt1,1895464,7.64189,1895464,0.380019,508448,7.64082,0.0209875,14,7,14
16.0,1.0,8.0,0.02,13855.8441756,disrupt1,2202291,8.12954,2202291,3.39014,1819793,8.12954,0.0718922,14,6,14
16.0,2.0,2.0,0.0002,7.5785849268,disrupt2,1608021,14.8038,1608021,56.7799,4347,14.8002,0.291611,14,2,14
16.0,2.0,2.0,0.0002,7.6843678378,disrupt2,1668676,7.24031,1668676,44.7945,29137,7.24029,0.197628,14,4,14
16.0,2.0,2.0,0.0002,9.136813198399999,disrupt2,1662615,14.5275,1662615,45.0796,685351,14.4836,0.807327,14,4,14
16.0,2.0,2.0,0.0002,9.780284631599999,disrupt2,1640440,10.8831,1640440,41.6883,930902,10.8821,1.49907,14,4,14
16.0,2.0,2.0,0.0002,10.5624413528,disrupt2,1610587,11.6871,1610587,37.9895,996750,11.6869,0.275492,14,4,14
16.0,2.0,2.0,0.0002,11.0645387016,disrupt2,1672963,8.37259,1672963,37.3865,226925,8.37238,0.303246,14,4,14
16.0,2.0,2.0,0.0002,11.3305880296,disrupt2,1609579,8.13184,1609579,35.4802,682089,8.1316,0.433576,14,4,14
16.0,2.0,2.0,0.0002,11.7299450528,disrupt2,1643041,6.41355,1643041,34.7864,1484163,6.41346,6.13979,14,4,14
16.0,2.0,2.0,0.0002,11.770843061199999,disrupt2,1666363,6.16764,1666363,34.6682,429479,6.16758,0.841505,14,4,14
16.0,2.0,2.0,0.0002,11.770843061199999,disrupt2,1617434,9.93795,1617434,33.2475,1071953,9.93774,4.16442,14,4,14
16.0,2.0,2.0,0.0002,11.919009894399998,disrupt2,1610655,10.7798,1610655,32.5453,851837,10.7796,0.638405,14,4,14
16.0,2.0,2.0,0.0002,11.9860882888,disrupt2,1615806,6.42732,1615806,34.0289,1529452,6.42722,0.887001,14,4,14
16.0,2.0,2.0,0.0002,11.9860882888,disrupt2,1634737,7.50636,1634737,34.8401,728692,7.50625,2.08344,14,4,14
16.0,2.0,2.0,0.0002,12.0377414828,disrupt2,1634509,7.40515,1634509,33.0876,442173,7.40502,1.10364,14,4,14
16.0,2.0,2.0,0.0002,12.165247038399999,disrupt2,1608961,7.95988,1608961,33.8394,1058998,7.95963,1.06698,14,4,14
16.0,2.0,2.0,0.0002,12.2858183296,disrupt2,1631844,7.57297,1631844,32.4575,614367,7.57286,0.818875,14,4,14
16.0,2.0,2.0,0.0002,12.719917432599999,disrupt2,1620248,6.44762,1620248,31.916,304714,6.44737,0.243508,14,4,14
16.0,2.0,2.0,0.0002,12.719917432599999,disrupt2,1666400,6.20331,1666400,31.9459,1048472,6.20319,3.44828,14,4,14
16.0,2.0,2.0,0.0002,13.1533797154,disrupt2,1677947,8.31155,1677947,29.2644,1429413,8.31154,1.64724,14,4,14
16.0,2.0,2.0,0.0002,13.4739833072,disrupt2,1629956,6.02667,1629956,29.9734,1072913,6.02662,1.36806,14,4,14
16.0,2.0,2.0,0.0002,13.59964916,disrupt2,1632918,8.37769,1632918,29.6738,185177,8.37749,0.31415,14,4,14
16.0,2.0,2.0,0.0002,13.59964916,disrupt2,1635032,7.93994,1635032,30.0106,744761,7.93975,0.470161,14,4,14
16.0,2.0,2.0,0.0002,13.7188052952,disrupt2,1641864,8.28604,1641864,29.2223,1556663,8.28587,2.7765,14,4,14
16.0,2.0,2.0,0.0002,14.2338513214,disrupt2,1676082,8.23878,1676082,27.9703,446597,8.23865,0.399495,14,4,14
16.0,2.0,2.0,0.0002,14.629104392199999,disrupt2,1679331,5.99998,1679331,26.8183,704512,5.99986,1.96744,14,4,14
16.0,2.0,2.0,0.0002,14.722929235,disrupt2,1620228,7.82924,1620228,27.2983,1570202,7.82923,2.70438,14,4,14
16.0,2.0,2.0,0.0002,14.854043438399998,disrupt2,1648767,6.24545,1648767,25.9353,241647,6.24543,2.1084,14,4,14
16.0,2.0,2.0,0.0002,14.854043438399998,disrupt2,1617828,6.31222,1617828,25.9582,1570114,6.31222,4.33507,14,4,14
16.0,2.0,2.0,0.0002,14.9349196038,disrupt2,1613832,8.15145,1613832,26.532,350672,8.15134,0.734723,14,4,14
16.0,2.0,2.0,0.0002,16.9745839466,disrupt2,1615845,7.40289,1615845,23.2726,988089,7.40288,0.721843,14,4,14
16.0,2.0,2.0,0.0002,76.22100973799999,disrupt1,698456,40.5049,1010494,0.935906,698456,40.5039,0.0511786,14,7,14
16.0,2.0,2.0,0.002,9.0543803614,disrupt2,1620645,21.1892,1620645,16.3945,252721,10.5765,0.302643,14,7,14
16.0,2.0,2.0,0.002,9.0543803614,disrupt1,1003608,18.9591,1600677,16.3419,1003608,8.25416,0.808177,14,7,14
16.0,2.0,2.0,0.002,11.388114121,disrupt2,1610655,6.90029,1610655,33.5395,851837,6.90028,3.22786,14,2,14
16.0,2.0,2.0,0.002,12.243788196399999,disrupt2,1631844,14.3953,1631844,10.557,614367,8.51141,0.267758,14,7,14
16.0,2.0,2.0,0.002,12.243788196399999,disrupt2,1634509,14.4563,1634509,10.5522,442173,8.57854,0.621531,14,7,14
16.0,2.0,2.0,0.02,6.43200430826,disrupt2,1621479,14.7548,1621479,12.416,1354910,8.49113,0.557531,14,7,14
16.0,2.0,2.0,0.02,6.63801564296,disrupt2,1639621,12.7145,1639621,10.5039,571779,6.71407,0.293648,14,7,14
16.0,2.0,2.0,0.02,6.63801564296,disrupt2,1653119,14.351,1653119,11.5826,571077,8.21482,0.368605,14,7,14
16.0,2.0,2.0,0.02,7.1592034462,disrupt2,1632309,7.5649,1632309,47.5647,162029,7.56419,0.247767,14,2,14
16.0,2.0,20.0,0.0002,9.3935224968,disrupt2,1651207,13.325,1651207,43.6917,36799,13.3238,0.120686,14,4,14
16.0,2.0,20.0,0.0002,9.3935224968,disrupt2,1607821,10.7861,1607821,43.7498,330567,10.6878,0.420176,14,4,14
16.0,2.0,20.0,0.0002,9.937083916399999,disrupt2,1664847,8.51006,1664847,41.6338,1213902,8.42767,0.567357,14,4,14
16.0,2.0,20.0,0.0002,9.937083916399999,disrupt2,1640440,10.6944,1640440,41.7563,930902,10.6941,1.6728,14,4,14
16.0,2.0,20.0,0.0002,10.5775127642,disrupt2,1610587,11.5375,1610587,38.0947,996750,11.5366,0.699225,14,4,14
16.0,2.0,20.0,0.0002,10.5775127642,disrupt2,1620445,6.79748,1620445,39.0969,73589,6.75047,1.08507,14,4,14
16.0,2.0,20.0,0.0002,11.0578167106,disrupt2,1672963,8.38462,1672963,37.3808,226925,8.38427,0.366334,14,4,14
16.0,2.0,20.0,0.0002,11.3479236906,disrupt2,1609579,8.01778,1609579,35.5793,682089,8.0175,1.21461,14,4,14
16.0,2.0,20.0,0.0002,11.698882378599999,disrupt2,1643041,6.41637,1643041,34.8353,1484163,6.4159,0.99019,14,4,14
16.0,2.0,20.0,0.0002,11.8553986322,disrupt2,1610655,10.4695,1610655,32.7358,851837,10.4693,0.871504,14,4,14
16.0,2.0,20.0,0.0002,11.9255903698,disrupt2,1615806,6.4154,1615806,34.0639,1529452,6.41531,2.74181,14,4,14
16.0,2.0,20.0,0.0002,12.005546683799999,disrupt2,1634737,7.50216,1634737,34.8431,728692,7.50209,1.8038,14,4,14
16.0,2.0,20.0,0.0002,12.1486897132,disrupt2,1634509,7.40252,1634509,33.0857,442173,7.40241,0.253601,14,4,14
16.0,2.0,20.0,0.0002,12.1486897132,disrupt2,1612212,6.1528,1612212,33.6118,799366,6.15243,0.824073,14,4,14
16.0,2.0,20.0,0.0002,12.344830334800001,disrupt2,1631844,7.54215,1631844,32.4961,614367,7.54194,1.07955,14,4,14
16.0,2.0,20.0,0.0002,12.344830334800001,disrupt2,1608961,7.95992,1608961,33.8305,1058998,7.95987,1.23638,14,4,14
16.0,2.0,20.0,0.0002,12.7002467642,disrupt2,1666400,6.17235,1666400,31.9856,1048472,6.17227,0.782263,14,4,14
16.0,2.0,20.0,0.0002,13.390842892199998,disrupt2,1629956,6.01407,1629956,30.0269,1072913,6.01376,1.57281,14,4,14
16.0,2.0,20.0,0.0002,13.5730442272,disrupt2,1635032,7.93042,1635032,30.0335,744761,7.92996,0.361768,14,4,14
16.0,2.0,20.0,0.0002,13.5730442272,disrupt2,1632918,8.36946,1632918,29.6958,185177,8.36898,0.635527,14,4,14
16.0,2.0,20.0,0.0002,13.852042232599999,disrupt2,1641864,8.30723,1641864,29.1921,1556663,8.30721,3.06306,14,4,14
16.0,2.0,20.0,0.0002,14.358951111799998,disrupt2,1676082,8.26105,1676082,27.9542,446597,8.2606,0.409742,14,4,14
16.0,2.0,20.0,0.0002,14.702550988599999,disrupt2,1620228,7.81749,1620228,27.3179,1570202,7.81734,3.38442,14,4,14
16.0,2.0,20.0,0.0002,14.823405310999998,disrupt2,1648767,6.2493,1648767,25.9428,241647,6.24917,0.284598,14,4,14
16.0,2.0,20.0,0.0002,14.823405310999998,disrupt2,1617828,6.31204,1617828,25.9702,1570114,6.31189,1.72047,14,4,14
16.0,2.0,20.0,0.0002,14.999167686199998,disrupt2,1613832,8.18102,1613832,26.498,350672,8.18091,0.719273,14,4,14
16.0,2.0,20.0,0.002,7.770550838199999,disrupt2,1603159,11.8158,1603159,54.0162,386480,11.8158,1.68095,14,2,14
16.0,2.0,20.0,0.002,8.9449180448,disrupt1,1003608,19.0106,1600677,16.38,1003608,8.27381,1.94612,14,7,14
16.0,2.0,20.0,0.002,12.2064988358,disrupt2,1634509,14.4556,1634509,10.6364,442173,8.56256,0.477227,14,7,14
16.0,2.0,20.0,0.002,12.4177108688,disrupt2,1631844,14.4805,1631844,10.3135,614367,8.63576,0.379418,14,7,14
16.0,2.0,20.0,0.02,6.46643505374,disrupt2,1621479,14.6096,1621479,11.7435,1354910,8.54345,1.35364,14,7,14
16.0,2.0,20.0,0.02,6.46643505374,disrupt2,1640235,15.2688,1640235,10.744,1496953,9.18667,1.80547,14,7,14
16.0,2.0,20.0,0.02,7.063156808479999,disrupt2,1652541,13.4984,1652541,11.3326,1172438,7.40692,0.825151,14,7,14
16.0,2.0,8.0,0.0002,7.695264539,disrupt2,1668676,7.24018,1668676,44.8656,29137,7.23991,0.333773,14,4,14
16.0,2.0,8.0,0.0002,9.116010405199999,disrupt2,1662615,14.474,1662615,45.1082,685351,14.4732,0.291983,14,4,14
16.0,2.0,8.0,0.0002,9.3282838052,disrupt2,1651207,13.2978,1651207,43.7158,36799,13.297,0.167681,14,4,14
16.0,2.0,8.0,0.0002,9.7678312588,disrupt2,1640440,10.7426,1640440,41.7329,930902,10.7421,1.23047,14,4,14
16.0,2.0,8.0,0.0002,10.3778342526,disrupt2,1610587,11.5175,1610587,38.1199,996750,11.5167,0.450484,14,4,14
16.0,2.0,8.0,0.0002,10.5193498526,disrupt2,1620445,6.79681,1620445,39.0923,73589,6.75125,0.509302,14,4,14
16.0,2.0,8.0,0.0002,11.061920663,disrupt2,1672963,8.36973,1672963,37.3997,226925,8.36936,0.448112,14,4,14
16.0,2.0,8.0,0.0002,11.3384421454,disrupt2,1609579,8.04511,1609579,35.5386,682089,8.04485,1.91196,14,4,14
16.0,2.0,8.0,0.0002,11.6927972078,disrupt2,1643041,6.40032,1643041,34.8449,1484163,6.40007,1.22785,14,4,14
16.0,2.0,8.0,0.0002,11.6927972078,disrupt2,1617434,9.73798,1617434,33.3962,1071953,9.73733,1.55565,14,4,14
16.0,2.0,8.0,0.0002,11.8655877554,disrupt2,1610655,10.5603,1610655,32.6769,851837,10.5598,1.13551,14,4,14
16.0,2.0,8.0,0.0002,12.0141791354,disrupt2,1634737,7.50611,1634737,34.8514,728692,7.50582,1.22202,14,4,14
16.0,2.0,8.0,0.0002,12.0141791354,disrupt2,1615806,6.40449,1615806,34.0747,1529452,6.40438,3.9232,14,4,14
16.0,2.0,8.0,0.0002,12.1247735768,disrupt2,1612212,6.16099,1612212,33.5992,799366,6.16082,0.982127,14,4,14
16.0,2.0,8.0,0.0002,12.1247735768,disrupt2,1634509,7.39532,1634509,33.0903,442173,7.39523,0.984065,14,4,14
16.0,2.0,8.0,0.0002,12.2101782414,disrupt2,1631844,7.54919,1631844,32.4956,614367,7.54903,0.604586,14,4,14
16.0,2.0,8.0,0.0002,12.2101782414,disrupt2,1608961,7.96815,1608961,33.8266,1058998,7.96798,1.49098,14,4,14
16.0,2.0,8.0,0.0002,12.582151995999999,disrupt2,1666400,6.16978,1666400,32.0123,1048472,6.16959,1.46935,14,4,14
16.0,2.0,8.0,0.0002,13.3887201582,disrupt2,1629956,6.01877,1629956,30.0012,1072913,6.0187,2.43227,14,4,14
16.0,2.0,8.0,0.0002,13.515518135799999,disrupt2,1632918,8.35832,1632918,29.708,185177,8.35786,0.568855,14,4,14
16.0,2.0,8.0,0.0002,13.5955452076,disrupt2,1635032,7.93987,1635032,30.0049,744761,7.93983,0.795937,14,4,14
16.0,2.0,8.0,0.0002,13.7433582518,disrupt2,1641864,8.27502,1641864,29.2363,1556663,8.27481,3.07962,14,4,14
16.0,2.0,8.0,0.0002,14.261871410199998,disrupt2,1676082,8.23353,1676082,27.9767,446597,8.2334,0.566679,14,4,14
16.0,2.0,8.0,0.0002,14.632288493199999,disrupt2,1679331,5.9786,1679331,26.8541,704512,5.97859,1.50433,14,4,14
16.0,2.0,8.0,0.0002,14.705310542800001,disrupt2,1620228,7.82427,1620228,27.31,1570202,7.82411,1.93182,14,4,14
16.0,2.0,8.0,0.0002,14.843995830799999,disrupt2,1648767,6.2225,1648767,25.977,241647,6.22236,1.49637,14,4,14
16.0,2.0,8.0,0.0002,14.843995830799999,disrupt2,1617828,6.29107,1617828,25.9958,1570114,6.29105,2.37186,14,4,14
16.0,2.0,8.0,0.0002,14.888219455800002,disrupt2,1613832,8.1246,1613832,26.5637,350672,8.12457,1.09211,14,4,14
16.0,2.0,8.0,0.0002,16.942813694399998,disrupt2,1615845,7.39105,1615845,23.2926,988089,7.39086,0.830475,14,4,14
16.0,2.0,8.0,0.002,9.576219136399999,disrupt2,1664847,6.21919,1664847,41.8742,1213902,6.21862,1.06895,14,2,14
16.0,2.0,8.0,0.002,14.265975362599999,disrupt2,1648767,7.51194,1648767,26.841,241647,7.51179,0.663927,14,2,14
16.0,2.0,8.0,0.02,6.32354675242,disrupt2,1640235,15.1898,1640235,13.4315,1496953,8.72732,0.950231,14,7,14
16.0,2.0,8.0,0.02,6.67902686384,disrupt2,1639621,12.671,1639621,11.7033,571779,6.56253,0.437564,14,7,14
16.0,2.0,8.0,0.02,6.67902686384,disrupt2,1621479,14.6767,1621479,10.5298,1354910,8.68175,0.76227,14,7,14
16.0,2.0,8.0,0.02,7.2613069516,disrupt2,1659090,14.2191,1659090,11.9537,612713,7.67777,0.451885,14,7,14
16.0,2.0,8.0,0.02,7.2613069516,disrupt2,1652541,13.5555,1652541,9.81499,1172438,7.6768,0.975172,14,7,14
16.0,2.0,8.0,0.02,7.6539419838,disrupt2,1676968,14.6912,1676968,11.8136,1049556,8.24675,0.583403,14,7,14
16.0,2.0,8.0,0.02,7.6539419838,disrupt2,1616748,5.96898,1616748,44.0137,1006276,5.96862,1.02064,14,2,14
16.0,2.0,8.0,0.02,8755.923960999999,disrupt1,1880865,7.41359,1880865,1.74791,1849472,7.41359,0.275087,14,6,14
16.0,4.0,2.0,0.0002,10.256556077099999,disrupt2,1634737,7.70598,1634737,34.7126,728692,7.70551,1.75691,14,4,14
16.0,4.0,2.0,0.0002,11.8880402931,disrupt2,1609579,8.41507,1609579,35.3558,682089,8.41402,1.0749,14,4,14
16.0,4.0,2.0,0.0002,12.9139020378,disrupt2,1666400,6.37039,1666400,31.7918,1048472,6.36938,1.09149,14,4,14
16.0,4.0,2.0,0.0002,14.157948779099998,disrupt2,1641864,8.51906,1641864,28.9993,1556663,8.51833,3.51535,14,4,14
16.0,4.0,2.0,0.0002,14.938807705199999,disrupt2,1676082,8.48547,1676082,27.7252,446597,8.48477,0.452012,14,4,14
16.0,4.0,2.0,0.0002,14.938807705199999,disrupt2,1635032,14.2557,1635032,11.2261,744761,8.1856,0.999065,14,7,14
16.0,4.0,2.0,0.0002,15.2914620645,disrupt2,1613832,8.39233,1613832,26.2796,350672,8.39184,1.32344,14,4,14
16.0,4.0,2.0,0.0002,16.1078045715,disrupt2,1621980,7.57905,1621980,26.5211,1366067,7.57884,0.714916,14,4,14
16.0,4.0,2.0,0.0002,17.4123114921,disrupt2,1615845,7.62648,1615845,23.0422,988089,7.62598,1.05218,14,4,14
16.0,4.0,2.0,0.0002,299.17682037,disrupt2,1601528,20.4644,1601528,1.51319,128897,20.4631,0.274335,14,5,14
16.0,4.0,2.0,0.002,9.284870335499999,disrupt2,1620645,21.4722,1620645,17.1298,252721,10.7912,0.499328,14,7,14
16.0,4.0,2.0,0.002,9.8168838894,disrupt2,1651207,17.9,1651207,15.4292,36799,9.03407,0.112785,14,7,14
16.0,4.0,2.0,0.002,9.8168838894,disrupt2,1662615,20.5332,1662615,15.1733,685351,10.884,0.93159,14,7,14
16.0,4.0,2.0,0.002,10.912952290499998,disrupt2,1612127,15.4828,1612127,13.3451,1326835,8.15272,0.477166,14,7,14
16.0,4.0,2.0,0.002,10.912952290499998,disrupt2,1620445,15.5509,1620445,13.3015,73589,8.51965,0.536457,14,7,14
16.0,4.0,2.0,0.002,11.5900822827,disrupt2,1672963,14.0282,1672963,12.8863,226925,7.47085,0.514614,14,7,14
16.0,4.0,2.0,0.002,11.5900822827,disrupt2,1679354,15.1441,1679354,12.4718,1490974,8.36813,1.56774,14,7,14
16.0,4.0,2.0,0.002,12.697858464299998,disrupt2,1666363,14.0537,1666363,11.5932,429479,7.99579,0.491272,14,7,14
16.0,4.0,2.0,0.002,12.697858464299998,disrupt2,1643041,14.2984,1643041,11.4933,1484163,8.24801,1.49922,14,7,14
16.0,4.0,2.0,0.002,12.697858464299998,disrupt2,1615806,14.2251,1615806,11.4763,1529452,8.2153,1.82305,14,7,14
16.0,4.0,2.0,0.002,13.5336338856,disrupt2,1666400,14.3704,1666400,10.4072,1048472,8.07906,1.08073,14,7,14
16.0,4.0,2.0,0.002,14.2873747902,disrupt2,1629956,13.8865,1629956,9.85922,1072913,7.91609,0.671165,14,7,14
16.0,4.0,2.0,0.02,9.0254379276,disrupt2,1672313,11.0326,1672313,12.3958,359834,8.0601,0.436516,14,7,14
16.0,4.0,2.0,0.02,9.0254379276,disrupt2,1628074,12.2588,1628074,11.1109,325363,6.21685,1.60917,14,7,14
16.0,4.0,20.0,0.0002,10.560578117399999,disrupt2,1634737,7.7026,1634737,34.7423,728692,7.70186,2.27633,14,4,14
16.0,4.0,20.0,0.0002,10.7814248829,disrupt2,1610587,12.0259,1610587,37.8538,996750,12.0255,0.57961,14,4,14
16.0,4.0,20.0,0.0002,12.0411420381,disrupt2,1609579,16.237,1609579,13.614,682089,8.41706,0.357471,14,7,14
16.0,4.0,20.0,0.0002,12.0411420381,disrupt2,1617434,10.2532,1617434,33.1257,1071953,10.2521,2.49244,14,4,14
16.0,4.0,20.0,0.0002,12.763321968599998,disrupt2,1631844,7.90832,1631844,32.2609,614367,7.90757,0.933885,14,4,14
16.0,4.0,20.0,0.0002,12.763321968599998,disrupt2,1634509,7.73388,1634509,32.8397,442173,7.73296,1.22846,14,4,14
16.0,4.0,20.0,0.0002,13.8055345794,disrupt2,1624763,2.27275,1624763,30.8056,513657,2.27242,0.227292,14,4,14
16.0,4.0,20.0,0.0002,13.8055345794,disrupt2,1678996,2.32354,1678996,30.6267,581230,2.32319,0.653703,14,4,14
16.0,4.0,20.0,0.0002,14.696386602299999,disrupt2,1635032,14.2627,1635032,11.3149,744761,8.17078,0.632684,14,7,14
16.0,4.0,20.0,0.0002,14.696386602299999,disrupt2,1641864,8.52889,1641864,28.9608,1556663,8.52852,4.26105,14,4,14
16.0,4.0,20.0,0.0002,15.2376062742,disrupt2,1648767,6.47979,1648767,25.6785,241647,6.47941,0.470931,14,4,14
16.0,4.0,20.0,0.0002,15.2376062742,disrupt2,1679331,6.15563,1679331,26.5915,704512,6.15547,0.77433,14,4,14
16.0,4.0,20.0,0.0002,15.2376062742,disrupt2,1613832,8.39421,1613832,26.3033,350672,8.39331,1.41216,14,4,14
16.0,4.0,20.0,0.0002,15.2376062742,disrupt2,1620228,8.05353,1620228,27.0714,1570202,8.05307,3.01393,14,4,14
16.0,4.0,20.0,0.0002,16.0326946566,disrupt2,1621980,7.58306,1621980,26.5218,1366067,7.58275,1.72719,14,4,14
16.0,4.0,20.0,0.0002,17.476213959,disrupt2,1615845,7.63699,1615845,23.0254,988089,7.6366,0.974978,14,4,14
16.0,4.0,20.0,0.002,10.0106126334,disrupt2,1662615,20.4653,1662615,15.8802,685351,10.7801,0.898308,14,7,14
16.0,4.0,20.0,0.002,10.6431930198,disrupt1,1213902,14.499,1664847,13.868,1213902,6.59728,1.47497,14,7,14
16.0,4.0,20.0,0.002,11.487033801,disrupt2,1620445,15.5521,1620445,12.9421,73589,8.56922,0.834922,14,7,14
16.0,4.0,20.0,0.002,11.487033801,disrupt2,1679354,15.1433,1679354,13.0789,1490974,8.28752,2.13229,14,7,14
16.0,4.0,20.0,0.002,12.2041503666,disrupt2,1666363,14.0384,1666363,11.7368,429479,7.96846,0.462336,14,7,14
16.0,4.0,20.0,0.002,12.2041503666,disrupt2,1643041,14.2914,1643041,11.6575,1484163,8.22413,2.48156,14,7,14
16.0,4.0,20.0,0.002,13.4318262285,disrupt2,1666400,7.99245,1666400,32.151,1048472,7.98769,1.09407,14,4,14
16.0,4.0,20.0,0.002,14.415660043199999,disrupt2,1641864,7.40348,1641864,29.3613,1556663,7.40024,0.905133,14,4,14
16.0,4.0,20.0,0.002,14.415660043199999,disrupt2,1629956,13.8912,1629956,9.9837,1072913,7.8955,1.09904,14,7,14
16.0,4.0,20.0,0.02,10.1794848588,disrupt2,1616748,12.283,1616748,11.2619,1006276,6.28822,1.18375,14,7,14
16.0,4.0,8.0,0.0002,7.8278220423,disrupt2,1636716,8.63092,1636716,47.1763,1352352,8.63076,0.748388,14,4,14
16.0,4.0,8.0,0.0002,10.255595438699999,disrupt2,1634737,7.70566,1634737,34.7398,728692,7.7049,1.00653,14,4,14
16.0,4.0,8.0,0.0002,12.4319817738,disrupt2,1617434,10.2344,1617434,33.1162,1071953,10.2337,2.17981,14,4,14
16.0,4.0,8.0,0.0002,13.812779394,disrupt2,1629956,6.19524,1629956,29.7964,1072913,6.19425,1.24909,14,4,14
16.0,4.0,8.0,0.0002,14.3515574433,disrupt2,1635032,14.254,1635032,11.3139,744761,8.16261,0.652205,14,7,14
16.0,4.0,8.0,0.0002,14.3515574433,disrupt2,1641864,8.52384,1641864,28.9656,1556663,8.5235,1.80138,14,4,14
16.0,4.0,8.0,0.0002,15.077579927399999,disrupt2,1676082,8.48557,1676082,27.7017,446597,8.48524,0.44621,14,4,14
16.0,4.0,8.0,0.0002,15.077579927399999,disrupt2,1679331,6.15604,1679331,26.6288,704512,6.15556,4.90844,14,4,14
16.0,4.0,8.0,0.0002,15.5798537175,disrupt2,1613832,8.39281,1613832,26.2639,350672,8.3927,1.33689,14,4,14
16.0,4.0,8.0,0.0002,15.5798537175,disrupt2,1621980,7.58797,1621980,26.5314,1366067,7.58742,1.34922,14,4,14
16.0,4.0,8.0,0.002,8.9964186426,disrupt1,270802,20.0106,1649214,18.2322,270802,8.82305,1.94426,14,7,14
16.0,4.0,8.0,0.002,10.5538936752,disrupt1,930902,15.6734,1640440,14.3195,930902,7.66753,2.2518,14,7,14
16.0,4.0,8.0,0.002,11.2536386964,disrupt2,1620445,15.5452,1620445,13.1504,73589,8.53559,1.09195,14,7,14
16.0,4.0,8.0,0.002,11.2536386964,disrupt2,1612127,15.4689,1612127,13.1567,1326835,8.17437,1.54932,14,7,14
16.0,4.0,8.0,0.002,11.2536386964,disrupt2,1679354,15.153,1679354,13.2638,1490974,8.26699,2.32737,14,7,14
16.0,4.0,8.0,0.002,11.981762577,disrupt2,1672963,14.0243,1672963,12.2185,226925,7.55101,0.55549,14,7,14
16.0,4.0,8.0,0.002,12.930833289599999,disrupt2,1666363,14.0165,1666363,10.8089,429479,8.08455,0.616559,14,7,14
16.0,4.0,8.0,0.002,12.930833289599999,disrupt2,1615806,14.2213,1615806,10.819,1529452,8.30176,2.00369,14,7,14
16.0,4.0,8.0,0.002,13.7987900973,disrupt2,1629956,13.9154,1629956,30.2061,1072913,7.83285,1.11689,14,4,14
16.0,4.0,8.0,0.02,9.2462046399,disrupt2,1628074,8.80215,1628074,14.7955,325363,5.93176,0.802539,14,7,14
2.0,0.5,2.0,0.0002,2162.9881133000004,disrupt2,226695,15.9871,226695,1.98514,210225,15.9826,0.0305347,14,5,14
2.0,0.5,2.0,0.0002,2608.3512796600003,disrupt1,234146,16.7394,234146,1.35447,215902,16.7394,0.0359672,14,5,14
2.0,0.5,2.0,0.0002,2843.7102301,disrupt1,238577,16.7917,238577,2.22515,211023,16.7917,0.0627381,14,6,14
2.0,0.5,2.0,0.002,24.8044734542,disrupt1,215010,25.3875,215010,81.7874,289832,25.3875,0.00797211,14,4,14
2.0,0.5,20.0,0.002,3607.54264962,disrupt1,241198,5.98996,241198,2.39579,238458,5.98996,0.00969766,14,6,14
2.0,1.0,2.0,0.002,10.2577188672,disrupt2,208454,8.38871,208454,38.7286,37014,8.38868,0.128219,14,2,14
2.0,1.0,2.0,0.002,6063.228194400001,disrupt1,255723,8.42872,255723,1.60145,252554,8.42835,0.0262312,14,5,14
2.0,1.0,20.0,0.0002,7.008559254000001,disrupt2,201391,11.4151,201391,50.1016,175769,11.4151,0.917122,14,4,14
2.0,1.0,20.0,0.0002,11.1696642288,disrupt2,205928,6.8643,205928,31.5061,144527,6.86429,0.159091,14,4,14
2.0,1.0,20.0,0.0002,5611.121226,disrupt1,258818,13.9702,258818,1.6798,212778,13.9637,0.0215971,14,5,14
2.0,1.0,20.0,0.002,4803.844845600001,disrupt2,230485,12.8916,230485,13.5586,220416,12.8916,0.0139829,14,3,14
2.0,1.0,20.0,0.002,6419.633274,disrupt1,312043,14.2705,312043,2.01274,213368,14.2705,0.0421594,14,6,14
2.0,1.0,20.0,0.002,9796.667479200001,disrupt2,262272,17.0348,262272,1.25099,233172,17.0348,0.022199,14,6,14
2.0,1.0,8.0,0.0002,4613.937472800001,disrupt1,226190,13.8731,226190,0.59329,234875,13.8718,0.0804374,14,7,14
2.0,1.0,8.0,0.002,8175.108823200001,disrupt1,269905,13.516,269905,3.00208,215058,13.516,0.0398138,14,6,14
2.0,2.0,2.0,0.0002,10.3631491841,disrupt2,203219,10.9753,203219,38.9107,134648,10.9748,1.88873,14,4,14
2.0,2.0,20.0,0.0002,10.3425319678,disrupt2,203219,10.9502,203219,38.9016,134648,10.9502,1.56406,14,4,14
2.0,2.0,20.0,0.02,7.468626684799999,disrupt2,206604,7.84801,206604,45.8538,165646,7.84796,0.5654,14,2,14
2.0,2.0,8.0,0.0002,10.3573135179,disrupt2,203219,10.9495,203219,38.8983,134648,10.9495,1.82708,14,4,14
2.0,4.0,20.0,0.0002,6.85690013592,disrupt2,201391,9.61942,201391,50.3428,175769,9.61819,7.18716,14,4,14
32.0,1.0,20.0,0.0002,10.680082702,disrupt2,3275838,8.17803,3275838,38.7356,165677,8.17801,0.296965,14,4,14
32.0,1.0,20.0,0.0002,11.068878609,disrupt2,3299582,8.35225,3299582,37.2474,2156694,8.35224,0.515985,14,4,14
32.0,1.0,20.0,0.0002,11.225217020999999,disrupt2,3303245,8.47401,3303245,36.284,350281,8.47395,0.194853,14,4,14
32.0,1.0,20.0,0.0002,11.225217020999999,disrupt2,3339577,7.72949,3339577,36.8735,2146377,7.72946,0.398043,14,4,14
32.0,1.0,20.0,0.0002,11.805269564000001,disrupt2,3239410,7.46057,3239410,35.0797,1774703,7.46051,0.195968,14,4,14
32.0,1.0,20.0,0.0002,12.064610123500001,disrupt2,3205257,8.26067,3205257,33.8328,2564385,8.26065,0.971848,14,4,14
32.0,1.0,20.0,0.0002,12.177333822,disrupt2,3375363,7.94832,3375363,38.7521,3226883,7.92068,0.123501,14,4,14
32.0,1.0,20.0,0.0002,12.40324415,disrupt2,3348448,5.96764,3348448,32.6056,2511097,5.96762,0.847859,14,4,14
32.0,1.0,20.0,0.0002,12.581406452000001,disrupt2,3220207,8.34944,3220207,32.1658,2112058,8.3494,0.151747,14,4,14
32.0,1.0,20.0,0.0002,12.8990763175,disrupt2,3333072,6.48362,3333072,31.0677,1138465,6.48337,1.06207,14,4,14
32.0,1.0,20.0,0.0002,12.936705994500002,disrupt2,3282629,6.13887,3282629,31.1424,508448,6.13878,0.93114,14,4,14
32.0,1.0,20.0,0.0002,13.028564731500001,disrupt2,3249349,8.42256,3249349,30.7272,592451,8.42248,0.454272,14,4,14
32.0,1.0,20.0,0.0002,13.317466742,disrupt1,3274231,6.73588,3274231,33.5919,3628899,6.7358,0.241662,14,4,14
32.0,1.0,20.0,0.0002,13.317466742,disrupt2,3244750,7.54668,3244750,30.7048,2894537,7.54665,0.712364,14,4,14
32.0,1.0,20.0,0.0002,13.421725416500001,disrupt2,3205468,6.30428,3205468,29.709,956575,6.30419,0.447119,14,4,14
32.0,1.0,20.0,0.0002,13.421725416500001,disrupt2,3285475,8.53325,3285475,29.5716,842603,8.53316,0.600072,14,4,14
32.0,1.0,20.0,0.0002,13.663342332,disrupt2,3223455,8.34484,3223455,29.4875,1832878,8.34482,0.71385,14,4,14
32.0,1.0,20.0,0.0002,13.700509078,disrupt2,3295770,8.12515,3295770,29.4118,920171,8.1251,0.250728,14,4,14
32.0,1.0,20.0,0.0002,13.773123112000002,disrupt2,3219749,7.88665,3219749,29.3549,1058998,7.88663,0.672663,14,4,14
32.0,1.0,20.0,0.0002,13.860617071000002,disrupt2,3359335,8.37231,3359335,28.6375,620506,8.37227,0.363857,14,4,14
32.0,1.0,20.0,0.0002,14.017881345,disrupt2,3354536,5.98146,3354536,28.3318,232834,5.98125,0.559274,14,4,14
32.0,1.0,20.0,0.0002,14.200408425,disrupt2,3268391,7.71114,3268391,28.7326,1722718,7.71109,1.59006,14,4,14
32.0,1.0,20.0,0.0002,14.27546938,disrupt2,3205896,5.98003,3205896,27.6975,2364817,5.98,1.44891,14,4,14
32.0,1.0,20.0,0.0002,14.325565127499999,disrupt2,3257889,7.9726,3257889,27.9361,1832405,7.97255,0.320491,14,4,14
32.0,1.0,20.0,0.0002,14.411538027500002,disrupt2,3285430,8.06354,3285430,27.7358,839490,8.06352,0.475717,14,4,14
32.0,1.0,20.0,0.0002,14.479621950999999,disrupt2,3325244,8.33689,3325244,27.3275,914518,8.33689,0.126411,14,4,14
32.0,1.0,20.0,0.0002,14.732382277000001,disrupt2,3249271,8.55285,3249271,26.4654,3097440,8.55285,1.87717,14,4,14
32.0,1.0,20.0,0.0002,15.021515753000001,disrupt2,3325611,8.36605,3325611,25.9115,532571,8.36602,0.170665,14,4,14
32.0,1.0,20.0,0.0002,15.083217842,disrupt2,3266387,7.87693,3266387,26.4361,2212243,7.87687,0.89634,14,4,14
32.0,1.0,20.0,0.0002,15.161552380500002,disrupt2,3210809,8.46554,3210809,25.5956,950087,8.46553,0.278541,14,4,14
32.0,1.0,20.0,0.0002,15.397878656000001,disrupt2,3263610,8.07336,3263610,25.7329,1446628,8.07334,0.515814,14,4,14
32.0,1.0,20.0,0.0002,15.6134391695,disrupt2,3229047,7.70365,3229047,25.4987,2620056,7.70362,2.00609,14,4,14
32.0,1.0,20.0,0.0002,16.0013753475,disrupt2,3347045,2.25039,3347045,25.4457,3080051,2.25037,9.90079,14,4,14
32.0,1.0,20.0,0.02,5.245008230000001,disrupt2,3260853,8.58147,3260853,61.3849,2438071,8.58055,0.594378,14,2,14
32.0,1.0,20.0,0.02,2179.83295955,disrupt1,3700290,7.41076,3700290,0.333857,3297902,7.41045,0.160922,14,7,14
32.0,2.0,20.0,0.0002,4.69868579573,disrupt1,2514485,55.1155,3291830,98.4581,2514485,54.1867,1.17775,14,4,14
32.0,2.0,20.0,0.0002,8.95594710468,disrupt1,2077548,24.3214,3202110,18.6361,2077548,11.7768,0.657995,14,7,14
32.0,2.0,20.0,0.0002,9.09853699674,disrupt2,3228819,11.4721,3228819,45.7713,484388,11.4282,0.22416,14,4,14
32.0,2.0,20.0,0.0002,9.433229498200001,disrupt2,3221900,10.6127,3221900,43.6438,2897305,10.5437,0.897053,14,4,14
32.0,2.0,20.0,0.0002,9.775254445900002,disrupt2,3276537,10.0133,3276537,41.9279,1668964,10.0125,0.876735,14,4,14
32.0,2.0,20.0,0.0002,10.3737279598,disrupt2,3358810,8.35442,3358810,39.5416,1213902,8.35396,0.681427,14,4,14
32.0,2.0,20.0,0.0002,10.3737279598,disrupt2,3255825,9.01882,3255825,39.8542,1142460,9.01881,1.12867,14,4,14
32.0,2.0,20.0,0.0002,10.3737279598,disrupt2,3277284,7.81051,3277284,39.5321,2097281,7.79544,1.71476,14,4,14
32.0,2.0,20.0,0.0002,10.5967877083,disrupt2,3255828,9.08002,3255828,38.3248,213632,9.07912,1.01424,14,4,14
32.0,2.0,20.0,0.0002,10.794688935900002,disrupt2,3294726,7.55535,3294726,38.1587,1033936,7.55515,0.279214,14,4,14
32.0,2.0,20.0,0.0002,11.192174860900002,disrupt2,3299582,8.41487,3299582,37.226,2156694,8.40214,0.971444,14,4,14
32.0,2.0,20.0,0.0002,11.192174860900002,disrupt2,3244516,7.42165,3244516,36.3736,552175,7.42102,1.07076,14,4,14
32.0,2.0,20.0,0.0002,11.192174860900002,disrupt2,3318171,8.52347,3318171,36.5405,2501092,8.5234,1.79512,14,4,14
32.0,2.0,20.0,0.0002,11.5427106837,disrupt2,3287478,9.7875,3287478,33.607,1738841,9.78705,1.50864,14,4,14
32.0,2.0,20.0,0.0002,11.6566254735,disrupt2,3358466,7.80179,3358466,35.9151,199257,7.80177,0.1449,14,4,14
32.0,2.0,20.0,0.0002,11.6566254735,disrupt2,3320843,6.04043,3320843,35.4935,325539,6.04021,0.23532,14,4,14
32.0,2.0,20.0,0.0002,11.6566254735,disrupt2,3208200,6.89193,3208200,35.1138,1023234,6.89179,0.259053,14,4,14
32.0,2.0,20.0,0.0002,11.6566254735,disrupt2,3252349,8.18478,3252349,34.2026,3029158,8.1844,17.8518,14,4,14
32.0,2.0,20.0,0.0002,11.932059837999999,disrupt2,3239410,7.53267,3239410,35.0392,1774703,7.53195,0.8271,14,4,14
32.0,2.0,20.0,0.0002,11.932059837999999,disrupt2,3277480,7.59891,3277480,33.6204,2480334,7.59825,4.94319,14,4,14
32.0,2.0,20.0,0.0002,12.338898373000001,disrupt2,3274231,6.43734,3274231,32.8565,847998,6.43707,0.310597,14,4,14
32.0,2.0,20.0,0.0002,12.338898373000001,disrupt2,3293982,7.63844,3293982,32.3397,1041312,7.63796,1.44744,14,4,14
32.0,2.0,20.0,0.0002,12.338898373000001,disrupt2,3205257,8.27382,3205257,33.8109,2564385,8.27381,1.58682,14,4,14
32.0,2.0,20.0,0.0002,12.568317896300002,disrupt2,3348448,6.0046,3348448,32.5501,2511097,6.0043,1.07815,14,4,14
32.0,2.0,20.0,0.0002,12.741902337900001,disrupt2,3286264,7.01154,3286264,31.2334,483450,7.01129,0.671772,14,4,14
32.0,2.0,20.0,0.0002,12.741902337900001,disrupt2,3237172,7.43693,3237172,31.087,759689,7.43677,0.982888,14,4,14
32.0,2.0,20.0,0.0002,12.741902337900001,disrupt2,3220207,8.3769,3220207,32.1333,2112058,8.37661,1.09442,14,4,14
32.0,2.0,20.0,0.0002,12.886587214600002,disrupt2,3349082,7.49468,3349082,30.1978,586595,7.49442,0.414076,14,4,14
32.0,2.0,20.0,0.0002,12.886587214600002,disrupt2,3354818,5.896,3354818,31.8577,693272,5.89591,0.671601,14,4,14
32.0,2.0,20.0,0.0002,12.886587214600002,disrupt2,3333072,6.36921,3333072,31.233,1138465,6.36918,2.05961,14,4,14
32.0,2.0,20.0,0.0002,12.9885306636,disrupt2,3282629,6.10831,3282629,31.2012,508448,6.10826,0.742092,14,4,14
32.0,2.0,20.0,0.0002,13.2626556627,disrupt2,3324085,6.62001,3324085,30.4626,171631,6.61991,0.312189,14,4,14
32.0,2.0,20.0,0.0002,13.2626556627,disrupt2,3249349,8.48987,3249349,30.6554,592451,8.48929,0.590913,14,4,14
32.0,2.0,20.0,0.0002,13.2626556627,disrupt2,3238144,6.25541,3238144,30.1444,471216,6.25495,1.98019,14,4,14
32.0,2.0,20.0,0.0002,13.508909884000001,disrupt2,3205468,6.2195,3205468,29.8364,956575,6.21939,0.475658,14,4,14
32.0,2.0,20.0,0.0002,13.508909884000001,disrupt2,3217286,7.15457,3217286,28.7089,2404187,7.15402,0.700255,14,4,14
32.0,2.0,20.0,0.0002,13.508909884000001,disrupt2,3244750,7.58404,3244750,30.6741,2894537,7.58364,1.83266,14,4,14
32.0,2.0,20.0,0.0002,13.659019274500002,disrupt2,3285475,5.84646,3285475,29.5086,842603,5.84628,0.537016,14,4,14
32.0,2.0,20.0,0.0002,13.659019274500002,disrupt2,3223455,8.32106,3223455,29.536,1832878,8.32053,0.61084,14,4,14
32.0,2.0,20.0,0.0002,14.007403997,disrupt2,3354536,5.97622,3354536,28.3802,232834,5.97571,0.316894,14,4,14
32.0,2.0,20.0,0.0002,14.007403997,disrupt2,3359335,8.40143,3359335,28.6266,620506,8.40089,0.496138,14,4,14
32.0,2.0,20.0,0.0002,14.007403997,disrupt2,3295770,8.07583,3295770,29.4649,920171,8.07577,0.751994,14,4,14
32.0,2.0,20.0,0.0002,14.007403997,disrupt2,3219749,7.89384,3219749,29.3629,1058998,7.89337,1.66175,14,4,14
32.0,2.0,20.0,0.0002,14.292658602000001,disrupt2,3205896,5.96945,3205896,27.7417,2364817,5.96907,1.18149,14,4,14
32.0,2.0,20.0,0.0002,14.292658602000001,disrupt2,3304098,6.50171,3304098,27.0424,767163,6.50116,1.31427,14,4,14
32.0,2.0,20.0,0.0002,14.292658602000001,disrupt2,3268391,7.80138,3268391,28.6672,1722718,7.80083,1.65232,14,4,14
32.0,2.0,20.0,0.0002,14.3842206539,disrupt2,3285430,8.00257,3285430,27.8142,839490,8.00248,0.356809,14,4,14
32.0,2.0,20.0,0.0002,14.3842206539,disrupt2,3257889,7.94965,3257889,27.9651,1832405,7.9495,1.05676,14,4,14
32.0,2.0,20.0,0.0002,14.6292590359,disrupt2,3325244,8.33039,3325244,27.3365,914518,8.33011,0.268831,14,4,14
32.0,2.0,20.0,0.0002,15.0302989527,disrupt2,3325611,8.38611,3325611,25.9053,532571,8.38533,0.610419,14,4,14
32.0,2.0,20.0,0.0002,15.2060344946,disrupt2,3266387,7.84605,3266387,26.4728,2212243,7.84604,0.638358,14,4,14
32.0,2.0,20.0,0.0002,15.2060344946,disrupt2,3210809,8.45704,3210809,25.61,950087,8.45684,0.957296,14,4,14
32.0,2.0,20.0,0.0002,15.409173183800002,disrupt2,3263610,8.02183,3263610,25.7936,1446628,8.02174,0.638256,14,4,14
32.0,2.0,20.0,0.0002,15.620822748100002,disrupt2,3229047,7.63247,3229047,25.5946,2620056,7.63206,2.9968,14,4,14
32.0,2.0,20.0,0.02,6.55120402148,disrupt2,3215628,15.143,3215628,11.7542,1179335,8.9696,0.257381,14,7,14
32.0,2.0,20.0,0.02,6.55120402148,disrupt2,3354653,14.4374,3354653,12.6567,794014,8.25139,0.718041,14,7,14
32.0,2.0,20.0,0.02,6.799431643490001,disrupt2,3224042,14.7212,3224042,11.5445,1230,8.37441,0.379599,14,7,14
32.0,2.0,20.0,0.02,6.799431643490001,disrupt2,3231556,13.3136,3231556,11.7807,334111,7.16029,0.394383,14,7,14
32.0,2.0,20.0,0.02,6.799431643490001,disrupt2,3244054,13.8309,3244054,10.428,1039374,7.60628,0.421913,14,7,14
32.0,2.0,20.0,0.02,7.0683285336,disrupt2,3255476,14.0015,3255476,9.61249,499217,8.11226,1.02855,14,8,14
32.0,2.0,20.0,0.02,7.0683285336,disrupt2,3242418,12.5128,3242418,10.9342,2862025,6.43638,1.06837,14,7,14
32.0,2.0,20.0,0.02,7.0683285336,disrupt2,3298811,12.6619,3298811,11.8796,1465403,6.22797,1.53393,14,7,14
32.0,2.0,20.0,0.02,7.48894346313,disrupt2,3233908,12.2746,3233908,12.1587,2194256,6.34325,0.632278,14,7,14
32.0,2.0,20.0,0.02,12344.4164129,disrupt1,4037197,7.72826,4037197,1.71173,3355263,7.72826,0.0504445,14,6,14
4.0,0.5,2.0,0.0002,250.087939092,disrupt2,286466,15.0028,286466,2.97627,121054,15.0012,0.0456335,14,5,14
4.0,0.5,2.0,0.002,5659.6908744,disrupt2,584342,5.85944,584342,8.46688,425644,5.85944,0.0203822,14,3,14
4.0,0.5,2.0,0.002,6768.1735254,disrupt1,552609,11.3819,552609,1.85203,420019,11.3819,0.0186124,14,6,14
4.0,0.5,20.0,0.0002,4050.86502708,disrupt1,536945,7.55129,536945,2.43966,449138,7.55129,0.165428,14,6,14
4.0,0.5,20.0,0.0002,4598.68216242,disrupt1,721817,17.4475,721817,1.89966,425362,17.4475,0.0604467,14,6,14
4.0,0.5,20.0,0.0002,6315.2784474,disrupt1,579686,22.526,579686,1.71263,492507,22.526,0.0198698,14,6,14
4.0,0.5,20.0,0.0002,6562.589112,disrupt1,658641,23.6442,658641,1.62891,491248,23.6442,0.0280418,14,6,14
4.0,0.5,20.0,0.0002,12036.4742292,disrupt1,430066,42.4011,430066,1.50036,41232,42.4011,0.0209519,14,6,14
4.0,0.5,20.0,0.02,9230.383835999999,disrupt1,588788,2.26039,588788,2.49544,483616,2.26039,0.0714021,14,6,14
4.0,0.5,8.0,0.0002,2802.9660885,disrupt2,449280,7.39599,449280,1.67676,420026,7.39228,0.0485832,14,5,14
4.0,0.5,8.0,0.0002,3570.8840347799996,disrupt1,518830,7.3961,518830,7.96114,420018,7.3961,0.0133813,14,6,14
4.0,0.5,8.0,0.002,6089.3989638,disrupt1,434258,7.77534,434258,1.85091,573373,7.77534,0.038677,14,6,14
4.0,1.0,2.0,0.0002,12.262350321600001,disrupt2,403502,6.97666,403502,32.6248,29137,6.97664,4.34005,14,4,14
4.0,1.0,2.0,0.0002,12.507241224000001,disrupt2,407492,7.19138,407492,31.4349,308982,7.19137,0.275151,14,4,14
4.0,1.0,2.0,0.0002,13.154421595200002,disrupt2,410580,7.93733,410580,30.8197,98258,7.93727,0.112505,14,4,14
4.0,1.0,2.0,0.0002,15.176195664,disrupt2,418753,7.55779,418753,26.8554,5085,7.55776,0.116057,14,4,14
4.0,1.0,2.0,0.0002,160.35344112,disrupt1,79767,28.9666,79767,3.00712,224265,28.9631,0.133159,14,5,14
4.0,1.0,2.0,0.002,5.8863353808,disrupt2,415237,17.5087,415237,79.5473,289012,17.5081,0.935385,14,2,14
4.0,1.0,2.0,0.02,8818.9353408,disrupt1,454192,15.8799,454192,6.12561,420901,15.8799,0.00993334,14,6,14
4.0,1.0,2.0,0.02,10710.8877264,disrupt1,646682,22.0696,646682,2.38332,486552,22.0696,0.0146399,14,6,14
4.0,1.0,2.0,0.02,12827.793278400002,disrupt1,639544,31.2432,639544,1.64301,426531,31.2432,0.0101611,14,6,14
4.0,1.0,20.0,0.002,9.730637616000001,disrupt2,412286,5.95495,412286,41.0227,154920,5.95486,0.303361,14,2,14
4.0,1.0,20.0,0.002,11.990554430400001,disrupt2,407492,8.50823,407492,31.8745,308982,8.50809,0.404901,14,2,14
4.0,1.0,20.0,0.02,7.589660716800001,disrupt2,413417,2.32096,413417,41.2702,398883,2.32095,2.55921,14,2,14
4.0,1.0,8.0,0.0002,15.138219024,disrupt2,418753,7.50663,418753,26.9163,5085,7.50662,0.221528,14,4,14
4.0,1.0,8.0,0.002,25.996908912000002,disrupt2,686423,16.5578,686423,21.5048,292075,16.5576,0.138248,14,4,14
4.0,1.0,8.0,0.02,5.702557656000001,disrupt2,415237,5.97369,415237,55.9631,289012,5.97322,1.57157,14,2,14
4.0,2.0,2.0,0.0002,10.4628317667,disrupt2,403389,12.227,403389,38.4613,394698,12.227,3.36563,14,4,14
4.0,2.0,2.0,0.0002,10.730664594000002,disrupt2,405329,11.6111,405329,36.9337,128347,11.6102,0.625021,14,4,14
4.0,2.0,2.0,0.0002,11.562132044600002,disrupt2,409037,7.45293,409037,35.2852,95010,7.45208,1.78065,14,4,14
4.0,2.0,2.0,0.0002,13.074811201100001,disrupt2,412671,7.89892,412671,31.668,318455,7.8988,0.632088,14,4,14
4.0,2.0,2.0,0.0002,13.264520956300002,disrupt2,410580,8.00386,410580,30.7375,98258,8.00372,0.549314,14,4,14
4.0,2.0,2.0,0.0002,15.1744255693,disrupt2,418753,7.45102,418753,26.9822,5085,7.45093,0.118167,14,4,14
4.0,2.0,2.0,0.02,6.395350506200001,disrupt2,415237,15.4761,415237,15.2788,289012,8.73044,1.08506,14,7,14
4.0,2.0,2.0,0.02,7.0494608185,disrupt2,403854,14.7658,403854,10.4244,270680,8.90081,1.11104,14,7,14
4.0,2.0,20.0,0.0002,10.864064593900002,disrupt2,405329,12.0306,405329,36.7116,128347,12.0298,0.425514,14,4,14
4.0,2.0,20.0,0.0002,12.300727646400002,disrupt2,403502,6.97377,403502,32.6477,29137,6.97354,0.948905,14,4,14
4.0,2.0,20.0,0.0002,13.009660442400001,disrupt2,412671,7.90512,412671,31.6769,318455,7.90472,1.25647,14,4,14
4.0,2.0,20.0,0.0002,13.330084846000002,disrupt2,410580,7.97206,410580,30.7729,98258,7.97194,0.989932,14,4,14
4.0,2.0,20.0,0.0002,15.094980478000002,disrupt2,418753,7.41449,418753,27.0277,5085,7.41429,0.318899,14,4,14
4.0,2.0,20.0,0.02,6.2923569479,disrupt2,415237,15.3758,415237,14.4929,289012,8.77984,1.14348,14,7,14
4.0,2.0,20.0,0.02,6.6578539436,disrupt2,403854,14.7521,403854,11.5234,270680,8.6101,1.08394,14,7,14
4.0,2.0,8.0,0.0002,8.407959485800001,disrupt2,413417,15.4593,413417,50.2969,398883,15.4593,12.9011,14,2,14
4.0,2.0,8.0,0.0002,11.5008234042,disrupt2,409037,7.42347,409037,35.2964,95010,7.42252,4.88837,14,4,14
4.0,2.0,8.0,0.0002,12.366126283700002,disrupt2,403502,7.04527,403502,32.5515,29137,7.04509,9.4193,14,4,14
4.0,2.0,8.0,0.0002,12.690888562800001,disrupt2,407492,7.30565,407492,31.3352,308982,7.30537,0.893926,14,4,14
4.0,2.0,8.0,0.0002,13.0405213281,disrupt2,412671,7.90166,412671,31.6773,318455,7.90131,0.517981,14,4,14
4.0,2.0,8.0,0.0002,13.2745600396,disrupt2,410580,7.9693,410580,30.784,98258,7.96901,0.308558,14,4,14
4.0,2.0,8.0,0.0002,15.1608335594,disrupt2,418753,7.41524,418753,27.0226,5085,7.41515,0.209287,14,4,14
4.0,2.0,8.0,0.002,12.479365490800001,disrupt2,403502,14.3215,403502,10.2367,29137,8.48542,0.280422,14,7,14
4.0,2.0,8.0,0.02,6.4861567,disrupt2,403854,14.6435,403854,16.7411,270680,8.04061,0.795104,14,7,14
4.0,4.0,2.0,0.0002,11.209481374700001,disrupt2,405329,12.0962,405329,36.6985,128347,12.0955,0.73886,14,4,14
4.0,4.0,2.0,0.0002,14.221935210000002,disrupt2,410580,14.4449,410580,11.6699,98258,8.19818,0.208443,14,7,14
4.0,4.0,2.0,0.0002,16.053925188,disrupt2,418753,13.5434,418753,10.0642,5085,7.63762,0.296562,14,7,14
4.0,4.0,20.0,0.02,9.1307721953,disrupt2,413417,13.7389,413417,15.0396,398883,7.2228,2.02191,14,7,14
4.0,4.0,8.0,0.0002,11.580167802,disrupt2,405329,12.0961,405329,36.6823,128347,12.096,0.441361,14,4,14
4.0,4.0,8.0,0.0002,14.328737024,disrupt2,410580,14.4456,410580,11.6291,98258,8.20556,0.367776,14,7,14
4.0,4.0,8.0,0.0002,16.600320464,disrupt2,418753,13.5521,418753,10.0361,5085,7.64202,0.402245,14,7,14
4.0,4.0,8.0,0.002,10.602089876700001,disrupt1,154920,13.9926,412286,14.0661,154920,6.53835,4.01193,14,7,14
4.0,4.0,8.0,0.002,13.041856961,disrupt2,407492,12.082,407492,10.885,308982,6.01147,1.57019,14,7,14
4.0,4.0,8.0,0.02,10.2261217842,disrupt2,419786,10.06,419786,8.57153,322789,7.88281,1.1515,14,7,14
8.0,0.5,2.0,0.0002,21.050126083800002,disrupt2,801365,7.53876,801365,11.2504,523253,7.53876,0.170219,14,2,14
8.0,0.5,2.0,0.002,9023.8316058,disrupt1,1497429,8.10893,1497429,1.59343,896643,8.10893,0.0444117,14,6,14
8.0,0.5,2.0,0.02,6105.376234980001,disrupt1,914137,12.4833,914137,1.73871,1124976,12.4833,0.0574278,14,6,14
8.0,0.5,2.0,0.02,6882.2670411,disrupt1,1189144,5.88327,1189144,9.72281,840004,5.88327,0.00607541,14,6,14
8.0,0.5,20.0,0.0002,9356.9369157,disrupt1,1056200,13.4317,1056200,2.3643,862612,13.4317,0.0580935,14,6,14
8.0,0.5,20.0,0.002,13317.9451911,disrupt1,1091975,11.4026,1091975,1.47796,450748,11.4022,0.0138459,14,5,14
8.0,0.5,20.0,0.002,13669.3803906,disrupt1,1023134,11.4199,1023134,2.96513,1091977,11.4199,0.0194849,14,6,14
8.0,0.5,20.0,0.002,13960.4347773,disrupt1,848254,11.4422,848254,1.395,1023137,11.4422,0.0521492,14,6,14
8.0,0.5,20.0,0.02,11510.766333,disrupt1,943439,14.8836,943439,1.9308,882891,14.8836,0.0291755,14,6,14
8.0,0.5,8.0,0.0002,9652.573774800001,disrupt1,1010260,3.87997,1010260,2.53858,946969,3.87997,0.032659,14,6,14
8.0,0.5,8.0,0.02,7305.9435702,disrupt1,1472256,5.88229,1472256,2.58488,840004,5.88229,0.024673,14,6,14
8.0,0.5,8.0,0.02,8725.1622282,disrupt1,947979,13.9433,947979,1.68449,861811,13.9433,0.0215612,14,6,14
8.0,0.5,8.0,0.02,12471.1986366,disrupt2,1413116,17.641,1413116,1.69515,847511,17.641,0.0127617,14,6,14
8.0,0.5,8.0,0.02,13200.216084000002,disrupt1,1257249,19.9624,1257249,1.31596,855405,19.9624,0.0209395,14,6,14
8.0,1.0,2.0,0.0002,11.3367493044,disrupt2,801437,6.26451,801437,34.8855,606419,6.26451,0.031567,14,2,14
8.0,1.0,2.0,0.0002,12.020090875,disrupt2,823275,7.85053,823275,34.5312,210640,7.85051,1.23563,14,4,14
8.0,1.0,2.0,0.0002,12.849417580999999,disrupt2,820807,7.54298,820807,32.3086,1919,7.54293,0.230476,14,4,14
8.0,1.0,2.0,0.002,9.741453326799999,disrupt2,808933,7.91069,808933,41.4722,228406,7.91065,0.082471,14,2,14
8.0,1.0,2.0,0.002,10.3345429564,disrupt2,832423,7.89555,832423,38.5883,672707,7.89552,0.350549,14,2,14
8.0,1.0,2.0,0.02,7.696479673999999,disrupt2,800854,14.9955,800854,8.96848,10715,9.10105,0.154317,14,8,14
8.0,1.0,20.0,0.0002,6.146185773,disrupt2,816875,13.4585,816875,50.4034,697342,13.4584,1.21433,14,4,14
8.0,1.0,20.0,0.0002,12.0089213634,disrupt2,823275,7.8397,823275,34.5529,210640,7.83964,1.62858,14,4,14
8.0,1.0,20.0,0.0002,12.274645188,disrupt2,1409877,7.4084,1409877,35.2112,496633,7.40796,0.733353,14,4,14
8.0,1.0,20.0,0.002,7.807317063,disrupt2,805155,7.46856,805155,52.6854,779797,7.46751,1.30216,14,2,14
8.0,1.0,20.0,0.002,9.759522775599999,disrupt2,808933,8.42586,808933,40.7887,228406,8.42544,0.274829,14,2,14
8.0,1.0,20.0,0.002,11.993977853,disrupt2,835250,5.84294,835250,31.9481,444047,5.84292,1.53929,14,2,14
8.0,1.0,8.0,0.0002,11.1110527398,disrupt2,820848,6.59356,820848,36.6525,298005,6.59325,0.311017,14,4,14
8.0,1.0,8.0,0.0002,11.919355604,disrupt2,823275,7.69399,823275,34.7421,210640,7.69399,2.24149,14,4,14
8.0,1.0,8.0,0.0002,12.565833974199998,disrupt2,800153,2.31227,800153,33.1475,150319,2.31227,1.84589,14,4,14
8.0,1.0,8.0,0.0002,12.7747190896,disrupt2,820807,7.47957,820807,32.4013,1919,7.47954,0.0675224,14,4,14
8.0,1.0,8.0,0.0002,13.2683505084,disrupt2,805586,8.07297,805586,30.6251,719891,8.07293,0.534661,14,4,14
8.0,1.0,8.0,0.0002,15.026709919000002,disrupt2,801554,7.51729,801554,26.9612,13000,7.51729,0.356287,14,4,14
8.0,1.0,8.0,0.002,7.823956966799999,disrupt2,805155,7.53158,805155,52.6212,779797,7.5304,1.50973,14,2,14
8.0,1.0,8.0,0.002,9.7643832286,disrupt2,809873,7.64187,809873,41.2421,49516,7.64185,0.197328,14,2,14
8.0,1.0,8.0,0.002,9.852576624800001,disrupt2,824279,7.97715,824279,40.6373,141353,7.97711,1.29765,14,2,14
8.0,1.0,8.0,0.002,14.020710511599999,disrupt2,837081,8.11853,837081,26.884,684488,8.11836,1.80037,14,4,14
8.0,1.0,8.0,0.002,14.3760191562,disrupt2,815716,7.90603,815716,26.1298,464943,7.90583,0.910826,14,4,14
8.0,2.0,2.0,0.0002,6.1511404155,disrupt2,816875,13.4273,816875,57.9436,697342,13.4269,2.12641,14,4,14
8.0,2.0,2.0,0.0002,6.996957939,disrupt2,831916,14.5644,831916,62.8007,530460,14.5638,1.63809,14,2,14
8.0,2.0,2.0,0.0002,9.417476465999998,disrupt2,806854,10.1036,806854,43.762,456743,10.0166,0.59354,14,4,14
8.0,2.0,2.0,0.0002,10.178059908,disrupt2,825852,2.2906,825852,34.415,496633,2.29059,2.54144,14,4,14
8.0,2.0,2.0,0.0002,10.305614516999999,disrupt2,826329,11.8644,826329,38.7671,450744,11.8636,1.37654,14,4,14
8.0,2.0,2.0,0.0002,12.044853418499999,disrupt2,823275,7.74354,823275,34.6791,210640,7.74351,2.52995,14,4,14
8.0,2.0,2.0,0.0002,12.2566177905,disrupt2,822319,8.90475,822319,31.9418,712608,8.90475,7.18422,14,4,14
8.0,2.0,2.0,0.0002,12.793791976499998,disrupt2,820807,7.40538,820807,32.4895,1919,7.40519,0.199254,14,4,14
8.0,2.0,2.0,0.0002,13.344875329499999,disrupt2,805586,8.02713,805586,30.6826,719891,8.02693,1.41255,14,4,14
8.0,2.0,2.0,0.0002,14.9875587345,disrupt2,801554,7.40946,801554,27.0851,13000,7.40939,0.160883,14,4,14
8.0,2.0,2.0,0.02,6.3869493165,disrupt2,816552,15.4162,816552,12.2978,176147,9.06476,0.480542,14,7,14
8.0,2.0,2.0,0.02,6.505608528,disrupt2,811335,14.6326,811335,10.8061,220595,8.60669,0.769651,14,7,14
8.0,2.0,2.0,0.02,6.505608528,disrupt2,827433,14.7737,827433,10.2923,679191,8.82445,1.60002,14,8,14
8.0,2.0,20.0,0.0002,6.1296836384999995,disrupt2,816875,13.3983,816875,57.8836,697342,13.3978,1.42657,14,4,14
8.0,2.0,20.0,0.0002,10.3480428675,disrupt2,826329,12.0655,826329,38.6674,450744,12.0641,1.86348,14,4,14
8.0,2.0,20.0,0.0002,11.285294295,disrupt2,820848,6.51673,820848,36.7386,298005,6.51652,0.604258,14,4,14
8.0,2.0,20.0,0.0002,11.9620453545,disrupt2,823275,7.73953,823275,34.6849,210640,7.73946,2.31744,14,4,14
8.0,2.0,20.0,0.0002,12.880859048999998,disrupt2,820807,7.39464,820807,32.5016,1919,7.39446,0.367775,14,4,14
8.0,2.0,20.0,0.0002,13.314199685999998,disrupt2,805586,8.00305,805586,30.7208,719891,8.00261,1.53319,14,4,14
8.0,2.0,20.0,0.0002,15.079477842,disrupt2,801554,7.4161,801554,27.0776,13000,7.41604,0.431225,14,4,14
8.0,2.0,20.0,0.02,6.409538234999999,disrupt2,827433,14.4617,827433,13.3449,679191,8.19423,1.89817,14,7,14
8.0,2.0,20.0,0.02,6.594993795,disrupt2,804019,7.33976,804019,46.8995,392042,7.3396,1.13303,14,2,14
8.0,2.0,20.0,0.02,7.646914983,disrupt2,829538,13.5463,829538,10.2201,248388,7.18992,0.420511,14,7,14
8.0,2.0,8.0,0.0002,6.052320636,disrupt2,816875,13.4272,816875,57.9499,697342,13.4267,1.76671,14,4,14
8.0,2.0,8.0,0.0002,10.271272891499999,disrupt2,825852,2.29139,825852,34.4147,496633,2.29138,1.04604,14,4,14
8.0,2.0,8.0,0.0002,10.396940597999999,disrupt2,826329,11.9678,826329,38.6863,450744,11.9675,2.66664,14,4,14
8.0,2.0,8.0,0.0002,11.983987334999998,disrupt2,823275,7.73816,823275,34.6917,210640,7.73799,1.80957,14,4,14
8.0,2.0,8.0,0.0002,12.205779246,disrupt2,822319,8.92695,822319,31.935,712608,8.9265,1.20486,14,4,14
8.0,2.0,8.0,0.0002,12.794600648999998,disrupt2,820807,7.40011,820807,32.4905,1919,7.40003,0.408284,14,4,14
8.0,2.0,8.0,0.0002,13.411779501,disrupt2,805586,8.02934,805586,30.6854,719891,8.02902,0.893223,14,4,14
8.0,2.0,8.0,0.0002,14.978986806,disrupt2,801554,7.4212,801554,27.0692,13000,7.4212,0.200868,14,4,14
8.0,2.0,8.0,0.002,11.971372043999999,disrupt2,835250,8.37893,835250,32.1857,444047,8.37877,0.457965,14,2,14
8.0,2.0,8.0,0.002,13.6659722235,disrupt2,837081,7.6392,837081,27.6019,684488,7.63899,1.15132,14,2,14
8.0,2.0,8.0,0.02,6.502966864499999,disrupt2,827433,14.5373,827433,10.414,679191,8.57059,1.86102,14,7,14
8.0,2.0,8.0,0.02,6.686427698999999,disrupt2,805044,14.3878,805044,10.1608,226076,8.48295,8.39207,14,7,14
8.0,2.0,8.0,0.02,7.247107298999999,disrupt2,829966,13.8849,829966,10.8133,239750,7.44094,0.427994,14,7,14
8.0,4.0,2.0,0.0002,14.158445729,disrupt2,805586,14.4727,805586,11.609,719891,8.25003,0.777589,14,7,14
8.0,4.0,2.0,0.0002,15.33541645,disrupt2,801554,7.64684,801554,26.8348,13000,7.6465,0.190258,14,4,14
8.0,4.0,2.0,0.002,11.872573591,disrupt2,820848,14.6887,820848,12.5997,298005,8.2572,0.797853,14,7,14
8.0,4.0,20.0,0.0002,10.9591121985,disrupt2,826329,12.4665,826329,38.4955,450744,12.4653,1.05232,14,4,14
8.0,4.0,20.0,0.0002,14.241214587,disrupt2,805586,14.4739,805586,11.574,719891,8.25843,2.18183,14,7,14
8.0,4.0,20.0,0.0002,15.865606795,disrupt2,801554,7.65036,801554,26.8487,13000,7.6497,0.550743,14,4,14
8.0,4.0,20.0,0.002,11.1322741645,disrupt2,809873,15.8009,809873,14.1852,49516,8.10396,0.188985,14,7,14
8.0,4.0,20.0,0.002,11.1322741645,disrupt2,824279,15.8178,824279,14.142,141353,8.2748,1.8403,14,7,14
8.0,4.0,20.0,0.002,11.843631938,disrupt2,820848,14.7021,820848,12.1725,298005,8.31893,0.505706,14,7,14
8.0,4.0,8.0,0.0002,6.559996191,disrupt2,816875,13.4477,816875,51.5538,697342,13.4463,1.93584,14,4,14
8.0,4.0,8.0,0.0002,6.968427263500001,disrupt2,805155,11.2656,805155,53.0182,779797,11.2651,2.44897,14,4,14
8.0,4.0,8.0,0.0002,14.3619369615,disrupt2,805586,14.4715,805586,11.5187,719891,8.27177,0.707801,14,7,14
8.0,4.0,8.0,0.0002,15.2376278195,disrupt2,801554,7.64703,801554,26.8708,13000,7.64632,0.302479,14,4,14
8.0,4.0,8.0,0.002,10.6159599545,disrupt2,809873,15.8017,809873,14.5512,49516,8.06766,0.232568,14,7,14
8.0,4.0,8.0,0.002,12.007721046499999,disrupt2,820848,14.7312,820848,12.27,298005,8.32058,0.443428,14,7,14
